,ds,yhat,yhat_lower,yhat_upper,y,cutoff
0,2011-02-26 01:00:00,7.2594862830079485,5.808071778726522,8.610358870665376,7.595891409999998,2011-02-26 00:00:00
1,2011-02-26 02:00:00,6.7696448466356465,5.227395859995154,8.216102210396688,7.299917463,2011-02-26 00:00:00
2,2011-02-26 03:00:00,6.502102482782954,5.115833595871498,7.959162020036752,7.106468519,2011-02-26 00:00:00
3,2011-02-26 04:00:00,6.470905640511056,5.024370433657448,7.885588409219935,6.988496643,2011-02-26 00:00:00
4,2011-02-26 05:00:00,6.63459828963582,5.199260069544746,8.078428223670599,6.965814148000001,2011-02-26 00:00:00
5,2011-02-26 06:00:00,6.918074968348007,5.413721254690224,8.377475412695278,7.075185597,2011-02-26 00:00:00
6,2011-02-26 07:00:00,7.247211817188367,5.810278781393741,8.694801987424565,7.339286433,2011-02-26 00:00:00
7,2011-02-26 08:00:00,7.577719155489767,6.106668923714707,9.03164170597427,7.579956724,2011-02-26 00:00:00
8,2011-02-26 09:00:00,7.901681664611783,6.41052834371221,9.42022764555951,8.042867768999997,2011-02-26 00:00:00
9,2011-02-26 10:00:00,8.229614312307653,6.68463970859232,9.756950841148614,8.444018206,2011-02-26 00:00:00
10,2011-02-26 11:00:00,8.563097841151107,7.131961695776628,10.001876377007296,8.712525439,2011-02-26 00:00:00
11,2011-02-26 12:00:00,8.879646168290847,7.570805517986016,10.28314846355237,8.891423956,2011-02-26 00:00:00
12,2011-02-26 13:00:00,9.141352247728358,7.697013053366898,10.530661080578533,8.908807447,2011-02-26 00:00:00
13,2011-02-26 14:00:00,9.319546366112904,7.931352533707887,10.761869356964361,8.896942395999998,2011-02-26 00:00:00
14,2011-02-26 15:00:00,9.414637290423538,7.896149894873711,10.91349046635958,8.923794547,2011-02-26 00:00:00
15,2011-02-26 16:00:00,9.454058274752434,8.113001605505453,10.83713622828645,8.971769882999999,2011-02-26 00:00:00
16,2011-02-26 17:00:00,9.468578603690908,8.025399608923466,10.999996033750556,9.004931138,2011-02-26 00:00:00
17,2011-02-26 18:00:00,9.46407227655138,7.993463124911485,10.918147195268608,9.012174791,2011-02-26 00:00:00
18,2011-02-26 19:00:00,9.409204853225118,7.907685844756905,10.843862962353906,9.285878153,2011-02-26 00:00:00
19,2011-02-26 20:00:00,9.247949918701153,7.833143349203421,10.685033419755591,9.428589064,2011-02-26 00:00:00
20,2011-02-26 21:00:00,8.929377101875637,7.513046958655258,10.453808274820625,9.221865108,2011-02-26 00:00:00
21,2011-02-26 22:00:00,8.43780610887259,6.924880502059727,9.90558005832149,8.980858565999998,2011-02-26 00:00:00
22,2011-02-26 23:00:00,7.808654160662993,6.284470143783326,9.244520263153197,8.623496203,2011-02-26 00:00:00
23,2011-02-27 00:00:00,7.124415578435382,5.808741249772441,8.518138444613458,8.1761898,2011-02-26 00:00:00
24,2011-06-06 01:00:00,11.666685545897174,10.235434180691906,13.081613293340476,10.79877067,2011-06-06 00:00:00
25,2011-06-06 02:00:00,11.230191222791893,9.81326476675838,12.591577700957217,10.215733700000001,2011-06-06 00:00:00
26,2011-06-06 03:00:00,11.020625308138872,9.591156020341606,12.470970724666184,9.738965051,2011-06-06 00:00:00
27,2011-06-06 04:00:00,11.048396807506194,9.68638179512159,12.536455031497116,9.469025591,2011-06-06 00:00:00
28,2011-06-06 05:00:00,11.266748081251347,9.749055129744644,12.729526342883922,9.41751843,2011-06-06 00:00:00
29,2011-06-06 06:00:00,11.600361274106923,10.165514411784443,12.95480979267937,9.759875377,2011-06-06 00:00:00
30,2011-06-06 07:00:00,11.980782993758316,10.636539279950583,13.411167941062661,10.161891670000001,2011-06-06 00:00:00
31,2011-06-06 08:00:00,12.3695024536042,10.89870873874629,13.67064387595141,10.53887351,2011-06-06 00:00:00
32,2011-06-06 09:00:00,12.758676625904268,11.384591917846286,14.082195085490717,11.247812340000001,2011-06-06 00:00:00
33,2011-06-06 10:00:00,13.153805394735464,11.644299950783882,14.469907154932724,12.34308576,2011-06-06 00:00:00
34,2011-06-06 11:00:00,13.552757802128204,12.1930968177524,14.969888641389982,13.57118947,2011-06-06 00:00:00
35,2011-06-06 12:00:00,13.935523086601563,12.470340850301778,15.446027114212816,14.92042301,2011-06-06 00:00:00
36,2011-06-06 13:00:00,14.270074494561364,12.90607880838333,15.681429505233055,16.09354056,2011-06-06 00:00:00
37,2011-06-06 14:00:00,14.52850782069704,13.041322931184776,15.927237930109797,17.02406851,2011-06-06 00:00:00
38,2011-06-06 15:00:00,14.701384639417297,13.357863555163796,16.046320587611845,17.54107241,2011-06-06 00:00:00
39,2011-06-06 16:00:00,14.800136174652398,13.293840476374537,16.248109235162687,17.18506968,2011-06-06 00:00:00
40,2011-06-06 17:00:00,14.845374755745414,13.375363303099908,16.22474076344613,15.981795009999999,2011-06-06 00:00:00
41,2011-06-06 18:00:00,14.847860024548355,13.475373765131312,16.256128233670612,14.92355418,2011-06-06 00:00:00
42,2011-06-06 19:00:00,14.793779749400136,13.344518571921936,16.162901298425197,13.873865460000001,2011-06-06 00:00:00
43,2011-06-06 20:00:00,14.644543311526114,13.28420765966943,16.009430913484724,13.245365820000002,2011-06-06 00:00:00
44,2011-06-06 21:00:00,14.354134876323682,12.960186815528855,15.732124256625074,13.04120544,2011-06-06 00:00:00
45,2011-06-06 22:00:00,13.897466646796094,12.491414709802925,15.404613858846481,12.661320239999998,2011-06-06 00:00:00
46,2011-06-06 23:00:00,13.295794187532227,11.911246401795644,14.787647441232497,11.69237502,2011-06-06 00:00:00
47,2011-06-07 00:00:00,12.624460256526307,11.24120043979416,14.082003462227235,10.676536500000001,2011-06-06 00:00:00
48,2011-09-14 01:00:00,10.814094271268159,9.371606117298933,12.2984847868617,11.64665088,2011-09-14 00:00:00
49,2011-09-14 02:00:00,10.295898517713416,8.880771598223559,11.857044901195218,10.986578289999999,2011-09-14 00:00:00
50,2011-09-14 03:00:00,10.021266048198356,8.42455148332883,11.416170639584681,10.52337105,2011-09-14 00:00:00
51,2011-09-14 04:00:00,9.994927263257036,8.539180385787855,11.48788138149201,10.25960349,2011-09-14 00:00:00
52,2011-09-14 05:00:00,10.156761166269268,8.692367166327447,11.738562078865916,10.2509312,2011-09-14 00:00:00
53,2011-09-14 06:00:00,10.427641037989885,8.91377613674195,12.008993082781451,10.73683722,2011-09-14 00:00:00
54,2011-09-14 07:00:00,10.753935725777836,9.353231121081656,12.15603086200016,11.38137875,2011-09-14 00:00:00
55,2011-09-14 08:00:00,11.121479378634497,9.678608185855294,12.607399934955913,11.31880944,2011-09-14 00:00:00
56,2011-09-14 09:00:00,11.536766591088083,10.01809486906226,12.93091909254584,11.60661365,2011-09-14 00:00:00
57,2011-09-14 10:00:00,11.99770733647472,10.553755140737186,13.497851480046586,12.496084080000001,2011-09-14 00:00:00
58,2011-09-14 11:00:00,12.479010059047624,10.97002240261432,14.043390780075919,13.416013269999999,2011-09-14 00:00:00
59,2011-09-14 12:00:00,12.939658633494567,11.54269945021054,14.618470582941438,14.18682707,2011-09-14 00:00:00
60,2011-09-14 13:00:00,13.340632231933421,11.941482709370408,14.819177634912862,14.96206967,2011-09-14 00:00:00
61,2011-09-14 14:00:00,13.656737367380504,12.151029491712249,15.19311942831245,15.82930904,2011-09-14 00:00:00
62,2011-09-14 15:00:00,13.877086528240467,12.272406635725684,15.420782983029628,16.58698072,2011-09-14 00:00:00
63,2011-09-14 16:00:00,14.000331022996034,12.44495102920257,15.598981965750536,17.047868819999998,2011-09-14 00:00:00
64,2011-09-14 17:00:00,14.031414286369397,12.657018571773062,15.535022523368875,17.20030918,2011-09-14 00:00:00
65,2011-09-14 18:00:00,13.97872645778127,12.456173726666217,15.313389701306908,16.87698112,2011-09-14 00:00:00
66,2011-09-14 19:00:00,13.84640221419033,12.288093497797462,15.203612272422756,16.01943582,2011-09-14 00:00:00
67,2011-09-14 20:00:00,13.623221853644937,12.085069763826365,15.062772850306533,15.392241180000001,2011-09-14 00:00:00
68,2011-09-14 21:00:00,13.279963338396808,11.748946400681318,14.743484013686299,15.00691891,2011-09-14 00:00:00
69,2011-09-14 22:00:00,12.786860266500975,11.374012683214708,14.288073510962523,14.06254781,2011-09-14 00:00:00
70,2011-09-14 23:00:00,12.1471231605756,10.708699756204748,13.67858732137769,12.89058034,2011-09-14 00:00:00
71,2011-09-15 00:00:00,11.423619446270877,9.93196496776113,12.935928417566362,11.6547909,2011-09-14 00:00:00
72,2011-12-23 01:00:00,7.491306718616206,5.969554178835816,8.984631589508158,7.765977920999999,2011-12-23 00:00:00
73,2011-12-23 02:00:00,6.988494793141404,5.509838463462048,8.455017655830849,7.468322797,2011-12-23 00:00:00
74,2011-12-23 03:00:00,6.72379180369717,5.247186494340768,8.19316337298958,7.370895639,2011-12-23 00:00:00
75,2011-12-23 04:00:00,6.704386986193086,5.269843488895351,8.197461324214888,7.358766439,2011-12-23 00:00:00
76,2011-12-23 05:00:00,6.87539937276771,5.33479386572671,8.410484375946616,7.516845781999998,2011-12-23 00:00:00
77,2011-12-23 06:00:00,7.1587931070086475,5.691246251133782,8.682646552927054,7.933627069,2011-12-23 00:00:00
78,2011-12-23 07:00:00,7.495062329377099,6.021739818604513,8.970662298027051,8.424517184,2011-12-23 00:00:00
79,2011-12-23 08:00:00,7.861725403456837,6.2598981134886404,9.443704762606986,8.71773299,2011-12-23 00:00:00
80,2011-12-23 09:00:00,8.262209427411346,6.760266816348444,9.717370154760777,8.95985345,2011-12-23 00:00:00
81,2011-12-23 10:00:00,8.699974265476271,7.233010747613856,10.22323056947612,9.229470886,2011-12-23 00:00:00
82,2011-12-23 11:00:00,9.159581782079824,7.632283670387606,10.584340235919807,9.335463624,2011-12-23 00:00:00
83,2011-12-23 12:00:00,9.60628513769018,8.015167567431112,11.145530964268586,9.179146773000001,2011-12-23 00:00:00
84,2011-12-23 13:00:00,9.999793067220374,8.531845843351427,11.553709843782482,9.005838334999998,2011-12-23 00:00:00
85,2011-12-23 14:00:00,10.309555368882268,8.885554111170915,11.872240781974758,8.878147913,2011-12-23 00:00:00
86,2011-12-23 15:00:00,10.522188022065931,8.977969263948237,12.074046978068317,8.797287225,2011-12-23 00:00:00
87,2011-12-23 16:00:00,10.639871679216437,9.13115106900243,12.217271478212258,8.789668711000001,2011-12-23 00:00:00
88,2011-12-23 17:00:00,10.673222847887372,9.176340640487034,12.115962446343847,8.95119428,2011-12-23 00:00:00
89,2011-12-23 18:00:00,10.631557219772807,9.228951109657418,12.103434057806329,9.580480665,2011-12-23 00:00:00
90,2011-12-23 19:00:00,10.512549907602695,8.966487778828084,11.984409754185458,9.835888751,2011-12-23 00:00:00
91,2011-12-23 20:00:00,10.295868293455198,8.8780293204643,11.753315271238435,9.757558274,2011-12-23 00:00:00
92,2011-12-23 21:00:00,9.948336494955214,8.4822079168111,11.41548486573819,9.621033052000001,2011-12-23 00:00:00
93,2011-12-23 22:00:00,9.444752588810273,7.986119142022663,10.948718549271723,9.396920738999999,2011-12-23 00:00:00
94,2011-12-23 23:00:00,8.796995565656058,7.275689430441121,10.218423558175866,8.987969534,2011-12-23 00:00:00
95,2011-12-24 00:00:00,8.072732543043612,6.605368728239374,9.507536503189797,8.4090607,2011-12-23 00:00:00
96,2012-04-01 01:00:00,7.6364596548303245,6.152901572706069,9.040131983008305,9.051709228,2012-04-01 00:00:00
97,2012-04-01 02:00:00,7.146570230094856,5.729107300701575,8.623524948873886,8.598817024,2012-04-01 00:00:00
98,2012-04-01 03:00:00,6.886751750009962,5.465382694419228,8.23522799955885,8.242675773999999,2012-04-01 00:00:00
99,2012-04-01 04:00:00,6.869153315308322,5.313262117227216,8.40302655670261,8.000339272,2012-04-01 00:00:00
100,2012-04-01 05:00:00,7.048534365778216,5.695952042787821,8.593237186440254,7.886469281000002,2012-04-01 00:00:00
101,2012-04-01 06:00:00,7.350650204089446,5.863771437201448,8.722034313477192,7.913670534999999,2012-04-01 00:00:00
102,2012-04-01 07:00:00,7.708497180094811,6.219003236708502,9.148579682127522,8.064207973999999,2012-04-01 00:00:00
103,2012-04-01 08:00:00,8.08613142083518,6.627462301754516,9.47590275889057,8.112196314,2012-04-01 00:00:00
104,2012-04-01 09:00:00,8.478831930035165,7.070539754344132,10.10409865113525,8.364743616,2012-04-01 00:00:00
105,2012-04-01 10:00:00,8.893905677352894,7.43518274230125,10.3502302831175,8.96059541,2012-04-01 00:00:00
106,2012-04-01 11:00:00,9.327900734115179,7.983444742669548,10.796026947777747,9.685617329000001,2012-04-01 00:00:00
107,2012-04-01 12:00:00,9.756135760256825,8.41946901570736,11.207602197944354,10.41108033,2012-04-01 00:00:00
108,2012-04-01 13:00:00,10.140228380719773,8.583741950011994,11.635463780419693,11.08406545,2012-04-01 00:00:00
109,2012-04-01 14:00:00,10.446574496061903,9.009739642792807,11.968988703874889,11.6609812,2012-04-01 00:00:00
110,2012-04-01 15:00:00,10.662111778448304,9.19617195912535,12.084650590195409,12.05013788,2012-04-01 00:00:00
111,2012-04-01 16:00:00,10.796640266530343,9.484489286105136,12.289073951825362,12.25883761,2012-04-01 00:00:00
112,2012-04-01 17:00:00,10.87032290025856,9.431911664294882,12.39226412921261,12.36930522,2012-04-01 00:00:00
113,2012-04-01 18:00:00,10.894275949101026,9.396298011885555,12.479909294440887,12.2735371,2012-04-01 00:00:00
114,2012-04-01 19:00:00,10.856211070684944,9.323126297841469,12.38368357485351,11.88946921,2012-04-01 00:00:00
115,2012-04-01 20:00:00,10.720518798770804,9.231757302664201,12.208066967769255,11.54344885,2012-04-01 00:00:00
116,2012-04-01 21:00:00,10.444894289687221,8.886945281002937,11.864384122170762,11.65794693,2012-04-01 00:00:00
117,2012-04-01 22:00:00,10.007017680096654,8.529505830156703,11.44090818311888,11.27898558,2012-04-01 00:00:00
118,2012-04-01 23:00:00,9.428550304281883,8.006907309448126,10.84607789379111,10.5480664,2012-04-01 00:00:00
119,2012-04-02 00:00:00,8.782939708990773,7.377986506050859,10.280609898796413,9.6976012,2012-04-01 00:00:00
120,2012-07-10 01:00:00,11.190128341185236,9.7738804937762,12.64967520981756,9.925274680000001,2012-07-10 00:00:00
121,2012-07-10 02:00:00,10.679074977515352,9.286172733628142,12.050009136441247,9.533633216,2012-07-10 00:00:00
122,2012-07-10 03:00:00,10.402302511161263,8.960099821009516,11.91947728844516,9.271369824999999,2012-07-10 00:00:00
123,2012-07-10 04:00:00,10.36844783039988,8.93253679419745,11.940195537142511,9.108025488,2012-07-10 00:00:00
124,2012-07-10 05:00:00,10.525629283658638,9.066842188209641,11.939064086560766,9.139824883,2012-07-10 00:00:00
125,2012-07-10 06:00:00,10.798588588306249,9.218965883591476,12.325373448421098,9.501560297,2012-07-10 00:00:00
126,2012-07-10 07:00:00,11.127897065958123,9.580644195125297,12.489913390669944,9.999594816,2012-07-10 00:00:00
127,2012-07-10 08:00:00,11.487705057058735,10.134879260852822,12.990872610664141,10.18136312,2012-07-10 00:00:00
128,2012-07-10 09:00:00,11.876761117610842,10.522873253896018,13.42405964709248,10.517563430000001,2012-07-10 00:00:00
129,2012-07-10 10:00:00,12.296065846251405,10.933414344271458,13.678213305588514,10.934922850000001,2012-07-10 00:00:00
130,2012-07-10 11:00:00,12.7319371549294,11.311347912192383,14.173181575007748,11.41763401,2012-07-10 00:00:00
131,2012-07-10 12:00:00,13.154361900127336,11.633861206202065,14.529261407024524,11.738283229999999,2012-07-10 00:00:00
132,2012-07-10 13:00:00,13.52742654051519,12.018955455886582,15.155864593375753,11.883571389999998,2012-07-10 00:00:00
133,2012-07-10 14:00:00,13.822111465824158,12.466208997559484,15.384579432897803,11.88898062,2012-07-10 00:00:00
134,2012-07-10 15:00:00,14.024086030365453,12.563422545382327,15.459640406164706,11.87177196,2012-07-10 00:00:00
135,2012-07-10 16:00:00,14.134624595829422,12.599640939664713,15.582098018913552,11.9911162,2012-07-10 00:00:00
136,2012-07-10 17:00:00,14.165498773855496,12.78487476899486,15.667592961665422,12.143149939999999,2012-07-10 00:00:00
137,2012-07-10 18:00:00,14.128778381663356,12.706017648015134,15.676190963751608,12.15661698,2012-07-10 00:00:00
138,2012-07-10 19:00:00,14.024066407487698,12.608728809862042,15.635478255967188,11.94795311,2012-07-10 00:00:00
139,2012-07-10 20:00:00,13.830142135811972,12.32632150259055,15.280303127870047,11.75110739,2012-07-10 00:00:00
140,2012-07-10 21:00:00,13.510449561540295,12.026636220759512,15.048283198509171,11.852184569999999,2012-07-10 00:00:00
141,2012-07-10 22:00:00,13.036144214735945,11.530843259374064,14.609604358009994,11.65748979,2012-07-10 00:00:00
142,2012-07-10 23:00:00,12.417195286430646,11.026897686946642,13.896035989660668,11.11378529,2012-07-10 00:00:00
143,2012-07-11 00:00:00,11.721191046093805,10.189572484510448,13.177853602735622,10.3756865,2012-07-10 00:00:00
144,2012-10-18 01:00:00,8.923702127872744,7.360748582439774,10.349532096570066,9.422744616,2012-10-18 00:00:00
145,2012-10-18 02:00:00,8.398030259485617,6.926745168003118,9.85475229083157,9.015240513,2012-10-18 00:00:00
146,2012-10-18 03:00:00,8.114296760061425,6.631369053001702,9.642947749764556,8.746002153,2012-10-18 00:00:00
147,2012-10-18 04:00:00,8.078542391255805,6.560785503817323,9.564144895882338,8.609412140999998,2012-10-18 00:00:00
148,2012-10-18 05:00:00,8.23277076107351,6.6935991707365075,9.836485117978395,8.728633962,2012-10-18 00:00:00
149,2012-10-18 06:00:00,8.498908185632366,7.080573788651233,10.059598566486375,9.209748044,2012-10-18 00:00:00
150,2012-10-18 07:00:00,8.821904683461453,7.492364040743988,10.297859995347181,9.902237888,2012-10-18 00:00:00
151,2012-10-18 08:00:00,9.184548781803871,7.702594619861526,10.626326432050757,9.873663184,2012-10-18 00:00:00
152,2012-10-18 09:00:00,9.591406805764757,8.051014883051115,10.996096668458826,9.65183538,2012-10-18 00:00:00
153,2012-10-18 10:00:00,10.041803200741423,8.462557826017347,11.468029654241262,9.872351773,2012-10-18 00:00:00
154,2012-10-18 11:00:00,10.514629512235219,9.138877165038007,12.04594715705713,10.08099076,2012-10-18 00:00:00
155,2012-10-18 12:00:00,10.972605286168372,9.533787386383091,12.514120639598623,10.2454532,2012-10-18 00:00:00
156,2012-10-18 13:00:00,11.376819497899346,9.917549963659932,12.896835271942887,10.46364504,2012-10-18 00:00:00
157,2012-10-18 14:00:00,11.698265266035651,10.2110738085719,13.168470723860485,10.756256310000001,2012-10-18 00:00:00
158,2012-10-18 15:00:00,11.921277685018238,10.536285054696169,13.508314028925506,11.017091039999999,2012-10-18 00:00:00
159,2012-10-18 16:00:00,12.042487976463647,10.582374019295798,13.483208750169855,11.117679200000001,2012-10-18 00:00:00
160,2012-10-18 17:00:00,12.068936537050263,10.49252929033661,13.43114581594827,11.0807947,2012-10-18 00:00:00
161,2012-10-18 18:00:00,12.013258995605963,10.485499741602435,13.529997029409634,10.81245339,2012-10-18 00:00:00
162,2012-10-18 19:00:00,11.882617555461351,10.512650630462003,13.413531703850225,10.521132680000001,2012-10-18 00:00:00
163,2012-10-18 20:00:00,11.665750562623845,10.260355708302276,13.168546992403531,10.814696040000001,2012-10-18 00:00:00
164,2012-10-18 21:00:00,11.331221602353207,9.711902739825716,12.793669649990292,10.57846489,2012-10-18 00:00:00
165,2012-10-18 22:00:00,10.847186536150792,9.440924218418825,12.400157322955472,10.03231871,2012-10-18 00:00:00
166,2012-10-18 23:00:00,10.216304539799854,8.636844452273825,11.740958122744974,9.226078170000001,2012-10-18 00:00:00
167,2012-10-19 00:00:00,9.50189347843316,8.135973503793425,11.029556051291305,8.3742684,2012-10-18 00:00:00
168,2013-01-26 01:00:00,7.816911818116774,6.3656813599552775,9.34291434064742,7.648877533,2013-01-26 00:00:00
169,2013-01-26 02:00:00,7.2895253977218575,5.796141008347065,8.630511553119867,7.329529367,2013-01-26 00:00:00
170,2013-01-26 03:00:00,6.9948445492559355,5.4969938242541305,8.441870226273316,7.117176747,2013-01-26 00:00:00
171,2013-01-26 04:00:00,6.943037740903589,5.479069564034814,8.443751220716786,6.992994415999999,2013-01-26 00:00:00
172,2013-01-26 05:00:00,7.083402816946528,5.5286588583567395,8.532103764464875,7.001690070000001,2013-01-26 00:00:00
173,2013-01-26 06:00:00,7.339844938069225,5.965398537269296,8.756889840032812,7.1657943269999995,2013-01-26 00:00:00
174,2013-01-26 07:00:00,7.6506906437206865,6.165162396503549,9.12267485769155,7.466854998999999,2013-01-26 00:00:00
175,2013-01-26 08:00:00,7.988808434345021,6.49503980020658,9.489774474105575,7.664855773999999,2013-01-26 00:00:00
176,2013-01-26 09:00:00,8.354300153068717,6.907925636715505,9.841624666229645,8.013928193000002,2013-01-26 00:00:00
177,2013-01-26 10:00:00,8.751224705569975,7.3112730032450735,10.17739878882551,8.485846458,2013-01-26 00:00:00
178,2013-01-26 11:00:00,9.167819611550453,7.591905163382887,10.545916304265663,8.862601705,2013-01-26 00:00:00
179,2013-01-26 12:00:00,9.57282231782748,8.196827179569587,11.061540007586917,9.09607467,2013-01-26 00:00:00
180,2013-01-26 13:00:00,9.926786002288907,8.485573163459058,11.332607142682702,9.228490348,2013-01-26 00:00:00
181,2013-01-26 14:00:00,10.198006648109985,8.705480435253397,11.707980629496182,9.317274116,2013-01-26 00:00:00
182,2013-01-26 15:00:00,10.372804998643769,8.962691795227492,11.878826977450842,9.347086244,2013-01-26 00:00:00
183,2013-01-26 16:00:00,10.455925984262052,8.880303079578681,11.869379071205106,9.347108638,2013-01-26 00:00:00
184,2013-01-26 17:00:00,10.462381409795535,8.96202013261555,12.07528737604844,9.249287165,2013-01-26 00:00:00
185,2013-01-26 18:00:00,10.404534219077032,8.924436531707345,11.873204008881746,9.127200871,2013-01-26 00:00:00
186,2013-01-26 19:00:00,10.279460184024249,8.845610914858797,11.819000094298717,9.462211839,2013-01-26 00:00:00
187,2013-01-26 20:00:00,10.06332927691357,8.550475293350443,11.621068610101405,9.366656724,2013-01-26 00:00:00
188,2013-01-26 21:00:00,9.719559385410811,8.273417565326112,11.262445747042097,9.107154805,2013-01-26 00:00:00
189,2013-01-26 22:00:00,9.221961837547138,7.72845678077632,10.744982049901376,8.798493898999999,2013-01-26 00:00:00
190,2013-01-26 23:00:00,8.583452065771633,6.9901163293330235,9.945699310893081,8.368845785,2013-01-26 00:00:00
191,2013-01-27 00:00:00,7.8724254832074045,6.362255409783902,9.273302386428321,7.9006685,2013-01-26 00:00:00
192,2013-05-06 01:00:00,8.454595389675294,7.029365479574206,9.83857420764791,7.332965768000001,2013-05-06 00:00:00
193,2013-05-06 02:00:00,8.001559450968035,6.553365112092834,9.546175639462941,7.0830352040000015,2013-05-06 00:00:00
194,2013-05-06 03:00:00,7.778597685713317,6.312411909449137,9.232878479642467,6.938008105,2013-05-06 00:00:00
195,2013-05-06 04:00:00,7.79635493266527,6.20587061633311,9.225845341859094,6.892755544,2013-05-06 00:00:00
196,2013-05-06 05:00:00,8.007287285131312,6.561586471094694,9.450914299710483,7.0887026780000015,2013-05-06 00:00:00
197,2013-05-06 06:00:00,8.336867552749316,6.92518806857108,9.758960255074236,7.699637036,2013-05-06 00:00:00
198,2013-05-06 07:00:00,8.719710772300942,7.315557328625878,10.232260561846918,8.467824745,2013-05-06 00:00:00
199,2013-05-06 08:00:00,9.120847612825852,7.604120150324898,10.7034469781383,8.633035873,2013-05-06 00:00:00
200,2013-05-06 09:00:00,9.53407892399765,8.086291025227464,11.005755821102674,8.856331805,2013-05-06 00:00:00
201,2013-05-06 10:00:00,9.963936550283847,8.686481802159175,11.442264558639087,9.104065241,2013-05-06 00:00:00
202,2013-05-06 11:00:00,10.405818595454772,8.903415338214518,11.768815924343798,9.351447167,2013-05-06 00:00:00
203,2013-05-06 12:00:00,10.83683731120573,9.424565621618896,12.278572015588523,9.56392325,2013-05-06 00:00:00
204,2013-05-06 13:00:00,11.221224254298916,9.748427254373341,12.681956931390276,9.737189968000001,2013-05-06 00:00:00
205,2013-05-06 14:00:00,11.525176750467686,10.069144348733342,12.999538608031635,10.007785250000001,2013-05-06 00:00:00
206,2013-05-06 15:00:00,11.731455453483715,10.256283220117837,13.277748253619096,10.26475795,2013-05-06 00:00:00
207,2013-05-06 16:00:00,11.844918584666498,10.434060234531955,13.349337006500656,10.50175411,2013-05-06 00:00:00
208,2013-05-06 17:00:00,11.88514074082828,10.401179436102096,13.245469453000894,10.60271745,2013-05-06 00:00:00
209,2013-05-06 18:00:00,11.869182329810364,10.54016652953301,13.441891920642524,10.42300086,2013-05-06 00:00:00
210,2013-05-06 19:00:00,11.793874428100867,10.37669792967753,13.247034746528884,10.14814621,2013-05-06 00:00:00
211,2013-05-06 20:00:00,11.629407099644556,9.992701624572923,13.057871638631495,10.140569900000001,2013-05-06 00:00:00
212,2013-05-06 21:00:00,11.331783225340422,9.78674303193928,12.830006261361884,10.3971541,2013-05-06 00:00:00
213,2013-05-06 22:00:00,10.871245263675105,9.421417813437003,12.403040204008207,10.07277378,2013-05-06 00:00:00
214,2013-05-06 23:00:00,10.262374548497839,8.764796810642169,11.77473141450151,9.348748639,2013-05-06 00:00:00
215,2013-05-07 00:00:00,9.577104982300689,8.095567469208524,11.177537747279565,8.5029318,2013-05-06 00:00:00
216,2013-08-14 01:00:00,13.154440071766523,11.560935251067775,14.570541556886182,12.62814998,2013-08-14 00:00:00
217,2013-08-14 02:00:00,12.649024422660663,11.226674934399371,14.180068411137771,11.9166022,2013-08-14 00:00:00
218,2013-08-14 03:00:00,12.381047125479995,10.938586033961467,13.958212131581888,11.43007948,2013-08-14 00:00:00
219,2013-08-14 04:00:00,12.35841827530065,10.82065040850762,13.86627530226556,11.190199660000001,2013-08-14 00:00:00
220,2013-08-14 05:00:00,12.528327246628173,11.105024101566393,14.030157721416835,11.20413471,2013-08-14 00:00:00
221,2013-08-14 06:00:00,12.81551606531417,11.267696759747402,14.19023957009043,11.61591213,2013-08-14 00:00:00
222,2013-08-14 07:00:00,13.161159961219223,11.692461400688087,14.523972973894454,12.144575430000002,2013-08-14 00:00:00
223,2013-08-14 08:00:00,13.53938763575405,12.066147539812407,15.075453997553884,12.23600802,2013-08-14 00:00:00
224,2013-08-14 09:00:00,13.94772751317745,12.57546961081672,15.426649238800438,12.70877268,2013-08-14 00:00:00
225,2013-08-14 10:00:00,14.38561575777413,12.817340533247508,15.753512826629661,13.576125130000001,2013-08-14 00:00:00
226,2013-08-14 11:00:00,14.83882359408835,13.415893030647494,16.223497791737906,14.57059986,2013-08-14 00:00:00
227,2013-08-14 12:00:00,15.2780446912301,13.77125889119105,16.786637419935047,15.438965340000001,2013-08-14 00:00:00
228,2013-08-14 13:00:00,15.667927316901245,14.086027134534964,17.13779460327293,16.34623382,2013-08-14 00:00:00
229,2013-08-14 14:00:00,15.978187934596466,14.507541450900053,17.41773808122307,17.27548229,2013-08-14 00:00:00
230,2013-08-14 15:00:00,16.191399904121464,14.764492593209212,17.69964533613901,18.04047405,2013-08-14 00:00:00
231,2013-08-14 16:00:00,16.306076249253174,14.864794844103555,17.78078293154858,18.59127655,2013-08-14 00:00:00
232,2013-08-14 17:00:00,16.334183925324947,14.888316963869945,17.83565318883707,18.747992890000003,2013-08-14 00:00:00
233,2013-08-14 18:00:00,16.291537808488727,14.833481543206151,17.796395073095702,18.16241826,2013-08-14 00:00:00
234,2013-08-14 19:00:00,16.182716284307247,14.650487482023642,17.66680411183327,16.513942319999998,2013-08-14 00:00:00
235,2013-08-14 20:00:00,15.989186130214316,14.525610507403217,17.481193411308073,15.13412396,2013-08-14 00:00:00
236,2013-08-14 21:00:00,15.672962337318936,14.235938357421531,17.211923238407067,14.40434697,2013-08-14 00:00:00
237,2013-08-14 22:00:00,15.201007057540286,13.680817234564849,16.785817028411742,13.60979237,2013-08-14 00:00:00
238,2013-08-14 23:00:00,14.579635795110285,13.107190797299687,16.080253371856823,12.692526390000001,2013-08-14 00:00:00
239,2013-08-15 00:00:00,13.875787945435116,12.334726484787735,15.321271504368061,11.666632400000001,2013-08-14 00:00:00
240,2013-11-22 01:00:00,8.09199640832627,6.584704489611017,9.5460717772008,9.031633803999998,2013-11-22 00:00:00
241,2013-11-22 02:00:00,7.5816049251732185,6.111268000235721,9.070208846303538,8.728811532,2013-11-22 00:00:00
242,2013-11-22 03:00:00,7.310096748177259,5.856417449078075,8.875421140066706,8.519926576,2013-11-22 00:00:00
243,2013-11-22 04:00:00,7.2846496524801285,5.80291042324205,8.640043863404316,8.439698745,2013-11-22 00:00:00
244,2013-11-22 05:00:00,7.451599579334653,6.019499712866903,8.931340504711981,8.566502489000001,2013-11-22 00:00:00
245,2013-11-22 06:00:00,7.735274327978759,6.21804247490916,9.250385584794032,9.046305524,2013-11-22 00:00:00
246,2013-11-22 07:00:00,8.076982019602074,6.506289266063576,9.585840577154496,9.791608006,2013-11-22 00:00:00
247,2013-11-22 08:00:00,8.451294345698141,6.887813316958283,9.965498433315078,9.671780978000001,2013-11-22 00:00:00
248,2013-11-22 09:00:00,8.856274531324852,7.367805079332388,10.329004210477262,9.591546445,2013-11-22 00:00:00
249,2013-11-22 10:00:00,9.291936125632537,7.859580963118455,10.865734637704088,9.654572840999998,2013-11-22 00:00:00
250,2013-11-22 11:00:00,9.744575964769153,8.184580802345124,11.127236179549179,9.697419488,2013-11-22 00:00:00
251,2013-11-22 12:00:00,10.184974508656017,8.683936813440308,11.588421757599821,9.629051294,2013-11-22 00:00:00
252,2013-11-22 13:00:00,10.576893149754298,9.10390341382331,12.082610932762172,9.540469048999999,2013-11-22 00:00:00
253,2013-11-22 14:00:00,10.888041024440815,9.350398444439874,12.284172005641716,9.585584609,2013-11-22 00:00:00
254,2013-11-22 15:00:00,11.098522702081624,9.64908938280755,12.55029880342916,9.568764767000001,2013-11-22 00:00:00
255,2013-11-22 16:00:00,11.205157352751248,9.747258786855769,12.648095863454305,9.622670202,2013-11-22 00:00:00
256,2013-11-22 17:00:00,11.219967699029347,9.692823998491178,12.834868467543615,9.777348344,2013-11-22 00:00:00
257,2013-11-22 18:00:00,11.160499837056372,9.774132711923318,12.668058333879458,10.23452457,2013-11-22 00:00:00
258,2013-11-22 19:00:00,11.033598167400267,9.634054455369403,12.563893798893767,10.27514464,2013-11-22 00:00:00
259,2013-11-22 20:00:00,10.822161045862355,9.379517020846428,12.301556596441351,10.16151537,2013-11-22 00:00:00
260,2013-11-22 21:00:00,10.488221468927023,8.964086098643415,11.952575735464816,10.03135664,2013-11-22 00:00:00
261,2013-11-22 22:00:00,9.997903792393279,8.389207777688673,11.342128397447675,9.789979114,2013-11-22 00:00:00
262,2013-11-22 23:00:00,9.356934315796677,7.961166171258328,10.882604966525689,9.403497841,2013-11-22 00:00:00
263,2013-11-23 00:00:00,8.632588349931925,7.021802966034285,10.10465728784839,8.9687116,2013-11-22 00:00:00
264,2014-03-02 01:00:00,7.5082464559776545,5.93733070937848,9.057552088623298,8.492294436,2014-03-02 00:00:00
265,2014-03-02 02:00:00,7.002499442565799,5.533107941891457,8.561074330895995,8.16213489,2014-03-02 00:00:00
266,2014-03-02 03:00:00,6.730731728111741,5.210247243616201,8.177570264767892,7.931393269,2014-03-02 00:00:00
267,2014-03-02 04:00:00,6.70423249956739,5.174065843754086,8.238442343302673,7.777234912999998,2014-03-02 00:00:00
268,2014-03-02 05:00:00,6.87589880037193,5.297585929504987,8.273353445210743,7.7406481010000014,2014-03-02 00:00:00
269,2014-03-02 06:00:00,7.1714976730903395,5.7420871325410445,8.629340640834734,7.821444595999998,2014-03-02 00:00:00
270,2014-03-02 07:00:00,7.525983432086846,5.940089783365532,9.073916469506596,7.977157211,2014-03-02 00:00:00
271,2014-03-02 08:00:00,7.904720437959463,6.346075385090217,9.377464325160215,8.031766904000001,2014-03-02 00:00:00
272,2014-03-02 09:00:00,8.301486005584493,6.871595813615762,9.850494657575297,8.374245838999999,2014-03-02 00:00:00
273,2014-03-02 10:00:00,8.720168495512127,7.236708054270535,10.24335591211772,8.801022829,2014-03-02 00:00:00
274,2014-03-02 11:00:00,9.155158446349473,7.618874629421689,10.645615851279947,9.095078732,2014-03-02 00:00:00
275,2014-03-02 12:00:00,9.582912628778992,8.006307912490854,11.029314262070624,9.283377957999999,2014-03-02 00:00:00
276,2014-03-02 13:00:00,9.967929074072073,8.54016944904961,11.588815826943017,9.372883456,2014-03-02 00:00:00
277,2014-03-02 14:00:00,10.277401283525688,8.720722631995068,11.761961412729834,9.445081445,2014-03-02 00:00:00
278,2014-03-02 15:00:00,10.494877824866709,8.90852277933227,11.958635675548736,9.413502564,2014-03-02 00:00:00
279,2014-03-02 16:00:00,10.62485106950633,9.110222235829815,12.143878350302739,9.318575657,2014-03-02 00:00:00
280,2014-03-02 17:00:00,10.685269821322333,9.177588142686911,12.152117146896389,9.250749904000001,2014-03-02 00:00:00
281,2014-03-02 18:00:00,10.691221090801688,9.229810971391545,12.239260902020023,9.328905081,2014-03-02 00:00:00
282,2014-03-02 19:00:00,10.638450759590771,9.261936780012562,12.168385406875778,9.606352309,2014-03-02 00:00:00
283,2014-03-02 20:00:00,10.497524723264425,8.936618869571882,12.142723898210136,9.721454158,2014-03-02 00:00:00
284,2014-03-02 21:00:00,10.225766603700496,8.600086549828116,11.798865158130688,9.808991865,2014-03-02 00:00:00
285,2014-03-02 22:00:00,9.794559176996971,8.37156248755913,11.417254841449488,9.765166347000001,2014-03-02 00:00:00
286,2014-03-02 23:00:00,9.218633744229317,7.62773042255491,10.652899014217999,9.520949457,2014-03-02 00:00:00
287,2014-03-03 00:00:00,8.569142040880607,7.099241433556614,10.059818581480002,9.326005199999999,2014-03-02 00:00:00
288,2014-06-10 01:00:00,11.794122605803366,10.181070001231062,13.232285575923564,11.13333952,2014-06-10 00:00:00
289,2014-06-10 02:00:00,11.302656894846804,9.980439785205366,12.90152508486979,10.711105139999999,2014-06-10 00:00:00
290,2014-06-10 03:00:00,11.04184513403857,9.4465899747303,12.65763445633645,10.47761777,2014-06-10 00:00:00
291,2014-06-10 04:00:00,11.022241066483963,9.465249534261705,12.538034092854083,10.45052277,2014-06-10 00:00:00
292,2014-06-10 05:00:00,11.196226781212639,9.851092790128185,12.748225929924155,10.55495388,2014-06-10 00:00:00
293,2014-06-10 06:00:00,11.489953994983765,9.90242221082425,13.017566005777985,10.94209778,2014-06-10 00:00:00
294,2014-06-10 07:00:00,11.838895643015496,10.33530661929656,13.451636525352649,11.250233609999999,2014-06-10 00:00:00
295,2014-06-10 08:00:00,12.207851227700585,10.709138826074625,13.660544119829861,11.40984272,2014-06-10 00:00:00
296,2014-06-10 09:00:00,12.588922143880175,11.104015417170126,14.002748142378273,11.90209771,2014-06-10 00:00:00
297,2014-06-10 10:00:00,12.984787406603097,11.448822211564726,14.536750708282657,12.604265569999999,2014-06-10 00:00:00
298,2014-06-10 11:00:00,13.390844883884931,11.89768064207701,14.879067821000236,13.48341979,2014-06-10 00:00:00
299,2014-06-10 12:00:00,13.786784489330103,12.303333579555456,15.33028752110534,14.214672870000001,2014-06-10 00:00:00
300,2014-06-10 13:00:00,14.140458273553808,12.70655615219651,15.601568806178626,14.663023240000001,2014-06-10 00:00:00
301,2014-06-10 14:00:00,14.420068241698832,13.008767525843021,15.825803733461047,15.07459339,2014-06-10 00:00:00
302,2014-06-10 15:00:00,14.607314450720411,13.073003988645716,16.222419729484194,15.451900480000003,2014-06-10 00:00:00
303,2014-06-10 16:00:00,14.704049781104029,13.136448865213652,16.26606302663039,15.75099658,2014-06-10 00:00:00
304,2014-06-10 17:00:00,14.727640209432437,13.164716084074259,16.2402226307828,15.888080250000002,2014-06-10 00:00:00
305,2014-06-10 18:00:00,14.695661124342042,13.243917101302536,16.259531793920715,15.783301849999999,2014-06-10 00:00:00
306,2014-06-10 19:00:00,14.607613223905417,12.961618744348426,16.166399660380787,15.312877140000001,2014-06-10 00:00:00
307,2014-06-10 20:00:00,14.436053721475403,12.88591344907838,15.80273401505366,14.66052156,2014-06-10 00:00:00
308,2014-06-10 21:00:00,14.136981316936817,12.705187628603532,15.743869813032953,14.14465244,2014-06-10 00:00:00
309,2014-06-10 22:00:00,13.67837660316659,12.210370413498868,15.288471824125029,13.667067680000002,2014-06-10 00:00:00
310,2014-06-10 23:00:00,13.07229978237435,11.557435035220502,14.54020850422842,12.61844389,2014-06-10 00:00:00
311,2014-06-11 00:00:00,12.389824442359503,10.958951369128947,13.927288850228562,11.4641777,2014-06-10 00:00:00
312,2014-09-18 01:00:00,11.39101657991064,9.793743649485544,12.872612965223878,10.386993769999998,2014-09-18 00:00:00
313,2014-09-18 02:00:00,10.881219368011568,9.394910305241806,12.422952563629076,10.02658878,2014-09-18 00:00:00
314,2014-09-18 03:00:00,10.607300689060997,9.059356409675253,12.153675184540168,9.81500966,2014-09-18 00:00:00
315,2014-09-18 04:00:00,10.57782262300453,9.05162719835622,12.024300349516645,9.740271847,2014-09-18 00:00:00
316,2014-09-18 05:00:00,10.741012779780906,9.21263849842988,12.305865667042543,9.967773956,2014-09-18 00:00:00
317,2014-09-18 06:00:00,11.021811488417816,9.396080489772151,12.600147606009022,10.617901309999999,2014-09-18 00:00:00
318,2014-09-18 07:00:00,11.360047321268112,9.919528660947046,12.805864947241801,11.56475723,2014-09-18 00:00:00
319,2014-09-18 08:00:00,11.72770040295443,10.163278007214064,13.276696598491469,11.81597897,2014-09-18 00:00:00
320,2014-09-18 09:00:00,12.121012880569396,10.548330412573264,13.530159267611769,11.89975573,2014-09-18 00:00:00
321,2014-09-18 10:00:00,12.540043027028537,10.99465367674898,14.015612100890607,12.065584860000001,2014-09-18 00:00:00
322,2014-09-18 11:00:00,12.97249611733287,11.429487517033516,14.466918148003083,12.24345551,2014-09-18 00:00:00
323,2014-09-18 12:00:00,13.390639847145748,11.915856163919159,14.866346307872309,12.37969288,2014-09-18 00:00:00
324,2014-09-18 13:00:00,13.759247679333868,12.27985600368026,15.21274457375937,12.379157370000001,2014-09-18 00:00:00
325,2014-09-18 14:00:00,14.047326186608204,12.511098647781003,15.560996099847296,12.532321099999999,2014-09-18 00:00:00
326,2014-09-18 15:00:00,14.237644643872077,12.690146627668716,15.723751566531341,12.79354603,2014-09-18 00:00:00
327,2014-09-18 16:00:00,14.330913765872797,12.852887610294825,15.842230708683374,13.075327600000001,2014-09-18 00:00:00
328,2014-09-18 17:00:00,14.34249213389828,12.838240606857974,15.865850909788543,13.25422775,2014-09-18 00:00:00
329,2014-09-18 18:00:00,14.290588593437837,12.697075894616326,15.742348412834342,13.12307803,2014-09-18 00:00:00
330,2014-09-18 19:00:00,14.17947325012524,12.684720708248216,15.767282701900745,12.8181814,2014-09-18 00:00:00
331,2014-09-18 20:00:00,13.987875389405286,12.470593013272751,15.480120440233204,12.962943059999999,2014-09-18 00:00:00
332,2014-09-18 21:00:00,13.674629778980236,12.111440675586222,15.106300033946399,12.9917104,2014-09-18 00:00:00
333,2014-09-18 22:00:00,13.205044951982202,11.73428657181877,14.672975105172187,12.5942751,2014-09-18 00:00:00
334,2014-09-18 23:00:00,12.585704216192218,11.093814562860704,14.083642769418173,11.81066845,2014-09-18 00:00:00
335,2014-09-19 00:00:00,11.884560581422928,10.356337086440657,13.41472843147713,10.9372475,2014-09-18 00:00:00
336,2014-12-27 01:00:00,8.252062122338701,6.760254643915751,9.733655659847349,8.291774,2014-12-27 00:00:00
337,2014-12-27 02:00:00,7.728853513848709,6.279200042379312,9.163347037025664,8.003298408,2014-12-27 00:00:00
338,2014-12-27 03:00:00,7.438559099417176,5.968715559713798,8.942315378573277,7.805416935999999,2014-12-27 00:00:00
339,2014-12-27 04:00:00,7.390965946198886,5.832949770206523,8.906206228672206,7.706642108,2014-12-27 00:00:00
340,2014-12-27 05:00:00,7.536339602734328,5.968467017740687,8.954930435263945,7.710721883,2014-12-27 00:00:00
341,2014-12-27 06:00:00,7.8000109731046825,6.290464446563814,9.381307285856792,7.809714287000002,2014-12-27 00:00:00
342,2014-12-27 07:00:00,8.11962919544046,6.690324989993254,9.738191354693216,8.0247396,2014-12-27 00:00:00
343,2014-12-27 08:00:00,8.464030750351306,6.760910732280838,9.985701156960586,8.192404128,2014-12-27 00:00:00
344,2014-12-27 09:00:00,8.828021509618402,7.416177708415823,10.297811636946653,8.420017417,2014-12-27 00:00:00
345,2014-12-27 10:00:00,9.213198139340685,7.63293185472358,10.738049564849122,8.814211712,2014-12-27 00:00:00
346,2014-12-27 11:00:00,9.610564471060552,8.056318020535908,11.055178579135806,9.209853166,2014-12-27 00:00:00
347,2014-12-27 12:00:00,9.995046883586646,8.470791153059563,11.549818170824654,9.458330205,2014-12-27 00:00:00
348,2014-12-27 13:00:00,10.332154379973076,8.93714948171448,11.794828269758332,9.472352975,2014-12-27 00:00:00
349,2014-12-27 14:00:00,10.590544822632888,9.127891923859744,12.136823271666543,9.265808625,2014-12-27 00:00:00
350,2014-12-27 15:00:00,10.75330227028984,9.151776258607857,12.280775083092404,9.040379111,2014-12-27 00:00:00
351,2014-12-27 16:00:00,10.822690885147484,9.27866597815266,12.32309264754585,8.899515801000002,2014-12-27 00:00:00
352,2014-12-27 17:00:00,10.815525492027174,9.358757725082874,12.341360046534527,8.950265064,2014-12-27 00:00:00
353,2014-12-27 18:00:00,10.749530982575777,9.230613326605674,12.300042621271476,9.443514723,2014-12-27 00:00:00
354,2014-12-27 19:00:00,10.626308921493187,9.197147058428289,12.186878056469135,9.798418788000001,2014-12-27 00:00:00
355,2014-12-27 20:00:00,10.421675824701929,8.893372316809364,12.002012773852709,9.824681354,2014-12-27 00:00:00
356,2014-12-27 21:00:00,10.093776332544175,8.543145719621009,11.681001596458543,9.781422637,2014-12-27 00:00:00
357,2014-12-27 22:00:00,9.610102787565193,8.151564084296131,11.09339706271862,9.650871926,2014-12-27 00:00:00
358,2014-12-27 23:00:00,8.980430373221992,7.484082025672198,10.501237677343791,9.385074756999996,2014-12-27 00:00:00
359,2014-12-28 00:00:00,8.27422788755808,6.801587025221829,9.766198473908515,9.0196723,2014-12-27 00:00:00
360,2015-04-06 01:00:00,8.411621570129935,6.813010914173816,10.012899225245365,8.509864939000002,2015-04-06 00:00:00
361,2015-04-06 02:00:00,7.964852719779958,6.59489318775591,9.499197545263119,8.301079517,2015-04-06 00:00:00
362,2015-04-06 03:00:00,7.747919015684305,6.239874039517582,9.245841426518918,8.212041136,2015-04-06 00:00:00
363,2015-04-06 04:00:00,7.7722718339713275,6.2669016468127,9.312852511798486,8.247758481,2015-04-06 00:00:00
364,2015-04-06 05:00:00,7.991786821374001,6.390761358146643,9.528228143114085,8.461266476999999,2015-04-06 00:00:00
365,2015-04-06 06:00:00,8.332571785113485,6.836678799006133,9.774974167799181,9.034754796,2015-04-06 00:00:00
366,2015-04-06 07:00:00,8.727853464690542,7.152284644209193,10.302519338138392,9.885462731,2015-04-06 00:00:00
367,2015-04-06 08:00:00,9.139480207672609,7.734102525778542,10.647396160125775,10.175491560000001,2015-04-06 00:00:00
368,2015-04-06 09:00:00,9.558048946454939,8.086402735277348,11.068224514815261,10.287666450000001,2015-04-06 00:00:00
369,2015-04-06 10:00:00,9.986844820659089,8.48919205285879,11.442307660799884,10.62335518,2015-04-06 00:00:00
370,2015-04-06 11:00:00,10.422586751487078,8.950258142140486,11.9527715755985,10.98595738,2015-04-06 00:00:00
371,2015-04-06 12:00:00,10.845127261217513,9.342756828329954,12.296860433495766,11.223895039999999,2015-04-06 00:00:00
372,2015-04-06 13:00:00,11.221061501408492,9.61164421979233,12.794100212876572,11.56669829,2015-04-06 00:00:00
373,2015-04-06 14:00:00,11.517660168070199,9.992016546920329,12.94194525527552,11.7759824,2015-04-06 00:00:00
374,2015-04-06 15:00:00,11.717969965111816,10.26537343424101,13.303014975019398,11.993330749999998,2015-04-06 00:00:00
375,2015-04-06 16:00:00,11.827409224310633,10.360820623411975,13.365793383275404,12.213170589999999,2015-04-06 00:00:00
376,2015-04-06 17:00:00,11.866716748779224,10.347238436559449,13.341926514179775,12.396267889999999,2015-04-06 00:00:00
377,2015-04-06 18:00:00,11.853918614001461,10.302561505933973,13.334598944543757,12.34092692,2015-04-06 00:00:00
378,2015-04-06 19:00:00,11.78553161131992,10.212546971738833,13.271091206729823,11.88447041,2015-04-06 00:00:00
379,2015-04-06 20:00:00,11.629984356945785,10.205729274177122,13.214345385301273,11.78707669,2015-04-06 00:00:00
380,2015-04-06 21:00:00,11.341109619481838,9.78819029588664,12.770500004341544,12.01862848,2015-04-06 00:00:00
381,2015-04-06 22:00:00,10.887901762124752,9.384824333104351,12.445391667874325,11.54223273,2015-04-06 00:00:00
382,2015-04-06 23:00:00,10.285046694545768,8.817209435260118,11.65069256051446,10.65113866,2015-04-06 00:00:00
383,2015-04-07 00:00:00,9.605194032157861,8.089005227278907,11.232633447905595,9.7179875,2015-04-06 00:00:00
384,2015-07-15 01:00:00,12.354420386588513,10.81841894015436,13.828748340196812,12.72048032,2015-07-15 00:00:00
385,2015-07-15 02:00:00,11.862010121082243,10.345195196383585,13.519617906071169,12.017252039999999,2015-07-15 00:00:00
386,2015-07-15 03:00:00,11.603392030402304,10.13477702382603,13.068437830438633,11.44218212,2015-07-15 00:00:00
387,2015-07-15 04:00:00,11.58878218185406,10.060625111344292,12.941591342913318,11.08006441,2015-07-15 00:00:00
388,2015-07-15 05:00:00,11.769943223588065,10.248107578263575,13.270620450826794,11.048032370000001,2015-07-15 00:00:00
389,2015-07-15 06:00:00,12.072940247909049,10.474651042364172,13.5469718133692,11.39607046,2015-07-15 00:00:00
390,2015-07-15 07:00:00,12.433821530663117,10.975289090194908,14.001754571053763,11.72017101,2015-07-15 00:00:00
391,2015-07-15 08:00:00,12.817916906110966,11.306876065116796,14.427479831194704,12.04384319,2015-07-15 00:00:00
392,2015-07-15 09:00:00,13.216922519103992,11.82023886911617,14.857607515215351,12.92882234,2015-07-15 00:00:00
393,2015-07-15 10:00:00,13.631915959813362,12.203806992719667,15.136459338581027,13.969765540000001,2015-07-15 00:00:00
394,2015-07-15 11:00:00,14.056090258141321,12.537150744495055,15.53586168854068,14.99978625,2015-07-15 00:00:00
395,2015-07-15 12:00:00,14.467258256418834,13.041618150007706,16.0369539296425,15.993064580000002,2015-07-15 00:00:00
396,2015-07-15 13:00:00,14.832285992465781,13.340323917614896,16.364766626823705,16.85110334,2015-07-15 00:00:00
397,2015-07-15 14:00:00,15.119235887989955,13.560990979590297,16.61184340437505,17.61429575,2015-07-15 00:00:00
398,2015-07-15 15:00:00,15.310207466889226,13.813387896666635,16.862731326580523,18.125571769999997,2015-07-15 00:00:00
399,2015-07-15 16:00:00,15.40786799650363,13.820158503048354,17.003913067194173,18.56097922,2015-07-15 00:00:00
400,2015-07-15 17:00:00,15.430888385635672,14.027436416128788,16.888022142027577,18.83661903,2015-07-15 00:00:00
401,2015-07-15 18:00:00,15.398507052192954,13.906485185342346,16.97906438451129,18.56355593,2015-07-15 00:00:00
402,2015-07-15 19:00:00,15.311607390396725,13.75448627555197,16.794298536335265,18.0065127,2015-07-15 00:00:00
403,2015-07-15 20:00:00,15.142989772659432,13.636301505882901,16.71447208836516,17.2433949,2015-07-15 00:00:00
404,2015-07-15 21:00:00,14.847401116282906,13.410675272746886,16.261340548075076,16.66756448,2015-07-15 00:00:00
405,2015-07-15 22:00:00,14.390704337633558,12.860362699641191,15.91114280781392,16.06850683,2015-07-15 00:00:00
406,2015-07-15 23:00:00,13.783271285036383,12.18177907297635,15.244153670726247,14.960415180000002,2015-07-15 00:00:00
407,2015-07-16 00:00:00,13.095931163933505,11.622171534828121,14.665780680485522,13.8261036,2015-07-15 00:00:00
408,2015-10-23 01:00:00,9.41199352358838,7.838720794699831,10.996888710119649,10.529033499999999,2015-10-23 00:00:00
409,2015-10-23 02:00:00,8.904335057690396,7.49731276207056,10.403922849529213,10.2290373,2015-10-23 00:00:00
410,2015-10-23 03:00:00,8.633182409553765,7.134212967210437,10.128581301751181,9.960704219,2015-10-23 00:00:00
411,2015-10-23 04:00:00,8.607479341860993,7.200044403146436,10.152649551542192,9.867782765,2015-10-23 00:00:00
412,2015-10-23 05:00:00,8.776282808402216,7.339825079780051,10.450100159716639,9.973955753,2015-10-23 00:00:00
413,2015-10-23 06:00:00,9.06454540716934,7.552297268687583,10.654237166564197,10.50546375,2015-10-23 00:00:00
414,2015-10-23 07:00:00,9.410615014876083,7.919831940280517,10.8951958800355,11.2599615,2015-10-23 00:00:00
415,2015-10-23 08:00:00,9.784261174903794,8.341123363646274,11.444729205697694,11.59819664,2015-10-23 00:00:00
416,2015-10-23 09:00:00,10.180418551981893,8.618324105305065,11.827224384789869,11.640071760000001,2015-10-23 00:00:00
417,2015-10-23 10:00:00,10.599737380635407,9.028018506053115,11.971586004379768,11.86138242,2015-10-23 00:00:00
418,2015-10-23 11:00:00,11.03178318501398,9.577080874295502,12.51048879396918,12.27863362,2015-10-23 00:00:00
419,2015-10-23 12:00:00,11.450216680024365,9.986994426978072,13.025213502195676,12.652590179999999,2015-10-23 00:00:00
420,2015-10-23 13:00:00,11.81947346467693,10.265429090243673,13.376267044861914,12.94611357,2015-10-23 00:00:00
421,2015-10-23 14:00:00,12.10683457697995,10.549657709765967,13.721879805798423,13.2150927,2015-10-23 00:00:00
422,2015-10-23 15:00:00,12.293522615954261,10.839147214174826,13.871978183344588,13.3361623,2015-10-23 00:00:00
423,2015-10-23 16:00:00,12.380157030844341,10.901003943562968,13.913423881184409,13.33305788,2015-10-23 00:00:00
424,2015-10-23 17:00:00,12.38327272669331,10.922983815904281,13.924048805746532,13.23099332,2015-10-23 00:00:00
425,2015-10-23 18:00:00,12.322144863329184,10.741298410189627,13.933952380449828,12.97597919,2015-10-23 00:00:00
426,2015-10-23 19:00:00,12.20083664133648,10.717328837404402,13.752498113230033,12.738700530000001,2015-10-23 00:00:00
427,2015-10-23 20:00:00,11.996777337839706,10.521509746201994,13.514231269423481,12.792324339999999,2015-10-23 00:00:00
428,2015-10-23 21:00:00,11.667696628534621,10.148397470870155,13.326032775449528,12.6427631,2015-10-23 00:00:00
429,2015-10-23 22:00:00,11.179075789622383,9.715029887074433,12.756871706374566,12.33028723,2015-10-23 00:00:00
430,2015-10-23 23:00:00,10.538776272587548,9.00931979493249,12.039771971599977,11.81494223,2015-10-23 00:00:00
431,2015-10-24 00:00:00,9.815952999272742,8.340401795722169,11.238668074883755,11.185063999999997,2015-10-23 00:00:00
432,2016-01-31 01:00:00,7.842173142984511,6.276340417952479,9.332047383141974,8.401021178,2016-01-31 00:00:00
433,2016-01-31 02:00:00,7.336619615314383,5.838589220577357,8.846444559257126,8.133399503000001,2016-01-31 00:00:00
434,2016-01-31 03:00:00,7.06608706536599,5.615631000809082,8.552026292871334,7.959975149,2016-01-31 00:00:00
435,2016-01-31 04:00:00,7.041925090734227,5.437779797940401,8.428977469200316,7.863571737,2016-01-31 00:00:00
436,2016-01-31 05:00:00,7.217115931542394,5.702646531703805,8.769269780074135,7.848884147,2016-01-31 00:00:00
437,2016-01-31 06:00:00,7.51778886432114,5.973342602200434,8.980365839609261,7.925762843999999,2016-01-31 00:00:00
438,2016-01-31 07:00:00,7.879057056025265,6.24869539100644,9.471189121213751,8.081089895999998,2016-01-31 00:00:00
439,2016-01-31 08:00:00,8.265658013117857,6.75020151511751,9.81044726593147,8.123161765000003,2016-01-31 00:00:00
440,2016-01-31 09:00:00,8.670070919640626,7.105675870718678,10.19175225024809,8.349686407,2016-01-31 00:00:00
441,2016-01-31 10:00:00,9.095046946264562,7.573925813447265,10.631074865419563,8.742069067000001,2016-01-31 00:00:00
442,2016-01-31 11:00:00,9.534710765250948,7.985586293739233,11.15086343993618,9.02983723,2016-01-31 00:00:00
443,2016-01-31 12:00:00,9.96590879607895,8.41176915674497,11.375791776835376,9.23269017,2016-01-31 00:00:00
444,2016-01-31 13:00:00,10.353206703523945,8.781600188502471,11.918360398988733,9.447426645,2016-01-31 00:00:00
445,2016-01-31 14:00:00,10.662880878364057,9.2146119730942,12.107035726248693,9.688319571,2016-01-31 00:00:00
446,2016-01-31 15:00:00,10.877145183510342,9.313745340871595,12.424787771585942,9.824373355,2016-01-31 00:00:00
447,2016-01-31 16:00:00,11.000255739728688,9.55369501086349,12.665754331175373,9.897848051,2016-01-31 00:00:00
448,2016-01-31 17:00:00,11.052112530705669,9.5800824365773,12.548202393737869,9.936540049,2016-01-31 00:00:00
449,2016-01-31 18:00:00,11.051375733271504,9.58528601009186,12.609722680843955,10.0087563,2016-01-31 00:00:00
450,2016-01-31 19:00:00,10.996920183577236,9.52758067953812,12.565935623143815,10.47050784,2016-01-31 00:00:00
451,2016-01-31 20:00:00,10.859968915283373,9.345435530366597,12.458403480130379,10.52230574,2016-01-31 00:00:00
452,2016-01-31 21:00:00,10.595666864826972,8.957879000739485,12.1745115402269,10.33063093,2016-01-31 00:00:00
453,2016-01-31 22:00:00,10.171964344939163,8.686871929503758,11.664094362379739,9.992005823,2016-01-31 00:00:00
454,2016-01-31 23:00:00,9.601139539907905,8.09426339177371,11.226664157184238,9.435998534,2016-01-31 00:00:00
455,2016-02-01 00:00:00,8.954045978822728,7.427618322509941,10.475193864814345,8.8935609,2016-01-31 00:00:00
456,2016-05-10 01:00:00,10.277322747059111,8.693737924598306,11.799273045247851,10.46761941,2016-05-10 00:00:00
457,2016-05-10 02:00:00,9.786202191723444,8.121158307401222,11.25833204032438,10.06947915,2016-05-10 00:00:00
458,2016-05-10 03:00:00,9.524718048636046,8.029357890911834,10.98410096319377,9.745692905,2016-05-10 00:00:00
459,2016-05-10 04:00:00,9.504483354137173,7.991384991993685,10.958599823695307,9.585256310999998,2016-05-10 00:00:00
460,2016-05-10 05:00:00,9.67963775358805,8.258546565603142,11.217530016225343,9.660788498,2016-05-10 00:00:00
461,2016-05-10 06:00:00,9.977040655475351,8.46863216597059,11.547806026336245,10.17581054,2016-05-10 00:00:00
462,2016-05-10 07:00:00,10.330876769525123,8.78448743741637,11.775199863099074,11.03111622,2016-05-10 00:00:00
463,2016-05-10 08:00:00,10.70359033093117,9.109486623227502,12.09746924777786,11.30860195,2016-05-10 00:00:00
464,2016-05-10 09:00:00,11.085853535138167,9.591005078773568,12.617624394421396,11.745258719999999,2016-05-10 00:00:00
465,2016-05-10 10:00:00,11.48095063419575,9.987741374825328,12.926799533933494,12.388505069999999,2016-05-10 00:00:00
466,2016-05-10 11:00:00,11.88600572526426,10.293211094116876,13.435239225465686,13.2054046,2016-05-10 00:00:00
467,2016-05-10 12:00:00,12.281493796737852,10.703216604758898,13.73139137939591,13.99821178,2016-05-10 00:00:00
468,2016-05-10 13:00:00,12.633984646004405,11.118204575399401,14.196071431545295,14.71298693,2016-05-10 00:00:00
469,2016-05-10 14:00:00,12.909383242616768,11.412350760819443,14.324108441222661,15.338775219999999,2016-05-10 00:00:00
470,2016-05-10 15:00:00,13.088425144463276,11.559601211106884,14.587752226965522,15.78176025,2016-05-10 00:00:00
471,2016-05-10 16:00:00,13.174748867668766,11.713286283201883,14.682139320748963,16.07106201,2016-05-10 00:00:00
472,2016-05-10 17:00:00,13.18930636395187,11.825032935085439,14.653574579818638,16.2051707,2016-05-10 00:00:00
473,2016-05-10 18:00:00,13.152495205600124,11.683440022463213,14.73248653656232,16.00743654,2016-05-10 00:00:00
474,2016-05-10 19:00:00,13.063947061254582,11.494045147529441,14.541059856585242,15.27005298,2016-05-10 00:00:00
475,2016-05-10 20:00:00,12.893998459660434,11.464428076494851,14.413591553354456,14.41153692,2016-05-10 00:00:00
476,2016-05-10 21:00:00,12.596200364145135,11.103332529309593,14.044431111868827,14.15715132,2016-05-10 00:00:00
477,2016-05-10 22:00:00,12.137727893465101,10.569690397302981,13.648488145186914,13.68245965,2016-05-10 00:00:00
478,2016-05-10 23:00:00,11.531498004992947,10.052877435337102,13.239046373601186,12.818921329999998,2016-05-10 00:00:00
479,2016-05-11 00:00:00,10.84959285153823,9.384687304277763,12.403691157565776,11.9078541,2016-05-10 00:00:00
480,2016-08-18 01:00:00,13.590640089373776,12.08153884367028,15.109934042684934,10.49499735,2016-08-18 00:00:00
481,2016-08-18 02:00:00,13.087828890731206,11.532725130852977,14.677086924936415,10.16179941,2016-08-18 00:00:00
482,2016-08-18 03:00:00,12.81786435969372,11.347739900793918,14.363152018228332,9.991263529,2016-08-18 00:00:00
483,2016-08-18 04:00:00,12.790748457159106,11.21787609699198,14.327932154351796,9.943636246,2016-08-18 00:00:00
484,2016-08-18 05:00:00,12.958194893028175,11.455531489633543,14.54177795772054,10.11316426,2016-08-18 00:00:00
485,2016-08-18 06:00:00,13.247227570342492,11.67676974188866,14.747050896014512,10.71924106,2016-08-18 00:00:00
486,2016-08-18 07:00:00,13.595910598829649,12.120592037136797,15.232404342676295,11.45501204,2016-08-18 00:00:00
487,2016-08-18 08:00:00,13.97164202947075,12.392512528758886,15.60327746020158,11.76696519,2016-08-18 00:00:00
488,2016-08-18 09:00:00,14.366935208680397,12.899410626169281,15.891144892943641,12.32552236,2016-08-18 00:00:00
489,2016-08-18 10:00:00,14.781906279033377,13.135994239715137,16.239900086261187,13.18131413,2016-08-18 00:00:00
490,2016-08-18 11:00:00,15.207642609653968,13.722868353793087,16.689186392559506,14.13870674,2016-08-18 00:00:00
491,2016-08-18 12:00:00,15.619871011168618,14.14753722363566,17.110737016932127,14.69464905,2016-08-18 00:00:00
492,2016-08-18 13:00:00,15.984086776506558,14.270004620424361,17.623445875926656,14.52102832,2016-08-18 00:00:00
493,2016-08-18 14:00:00,16.2675311658306,14.763513762604868,17.735218087129308,13.9750553,2016-08-18 00:00:00
494,2016-08-18 15:00:00,16.451533079094542,14.872360337120252,18.013410688944585,13.63278285,2016-08-18 00:00:00
495,2016-08-18 16:00:00,16.53802529479774,15.002187368919968,18.215217974468114,13.69058102,2016-08-18 00:00:00
496,2016-08-18 17:00:00,16.54564524546279,15.043561478545264,18.123012850471824,13.872249719999997,2016-08-18 00:00:00
497,2016-08-18 18:00:00,16.494966623928608,14.948829243816355,18.069546001054686,13.83936219,2016-08-18 00:00:00
498,2016-08-18 19:00:00,16.389385042165003,14.848244954339247,17.810163552236773,13.69430107,2016-08-18 00:00:00
499,2016-08-18 20:00:00,16.204219111559325,14.706238229312138,17.8305074813366,13.58659507,2016-08-18 00:00:00
500,2016-08-18 21:00:00,15.895431569938424,14.354531964675175,17.335551412514935,13.727914409999999,2016-08-18 00:00:00
501,2016-08-18 22:00:00,15.428409296725624,13.879228067719824,16.879772671858397,13.41640864,2016-08-18 00:00:00
502,2016-08-18 23:00:00,14.812161705363238,13.271781901828716,16.41035124072836,12.620881520000001,2016-08-18 00:00:00
503,2016-08-19 00:00:00,14.116500805599353,12.507804287456528,15.665087165692809,11.764421700000002,2016-08-18 00:00:00
504,2016-11-26 01:00:00,8.914550918661911,7.536352923800317,10.489745716226299,8.285153589,2016-11-26 00:00:00
505,2016-11-26 02:00:00,8.388120165400224,6.845435181101165,9.874118088815774,8.013940382,2016-11-26 00:00:00
506,2016-11-26 03:00:00,8.095008967309713,6.522262780920252,9.716662483968653,7.828745267,2016-11-26 00:00:00
507,2016-11-26 04:00:00,8.04486525259018,6.474969675113143,9.543600007679263,7.7475755379999995,2016-11-26 00:00:00
508,2016-11-26 05:00:00,8.188627340914774,6.660856910047942,9.723049744978887,7.752585734,2016-11-26 00:00:00
509,2016-11-26 06:00:00,8.452857108862856,6.934277940576276,9.97307577370075,7.860457644,2016-11-26 00:00:00
510,2016-11-26 07:00:00,8.776073147517046,7.243090658682149,10.449284140203925,8.079265749,2016-11-26 00:00:00
511,2016-11-26 08:00:00,9.127021257172114,7.556017861519795,10.701048727903306,8.180570654999999,2016-11-26 00:00:00
512,2016-11-26 09:00:00,9.49978179745036,8.00400564412224,11.040949202995941,8.576962368999999,2016-11-26 00:00:00
513,2016-11-26 10:00:00,9.895376052142975,8.396870032850618,11.40645076248997,8.993803272,2016-11-26 00:00:00
514,2016-11-26 11:00:00,10.30459785051652,8.698314858968299,11.869613932427361,9.296443069,2016-11-26 00:00:00
515,2016-11-26 12:00:00,10.701757287066112,9.130520549155653,12.279795020671765,9.505297639,2016-11-26 00:00:00
516,2016-11-26 13:00:00,11.05036806634162,9.513844412230478,12.59464649900181,9.605408356,2016-11-26 00:00:00
517,2016-11-26 14:00:00,11.315829546844869,9.777020652162212,12.811717818889216,9.621735248,2016-11-26 00:00:00
518,2016-11-26 15:00:00,11.478339253699309,9.899351069626018,12.920917985260061,9.573274471000001,2016-11-26 00:00:00
519,2016-11-26 16:00:00,11.539726103767576,9.918916918696555,13.001882839500869,9.545337939,2016-11-26 00:00:00
520,2016-11-26 17:00:00,11.51958042008375,10.095047581762051,13.069464635158429,9.486294612,2016-11-26 00:00:00
521,2016-11-26 18:00:00,11.440199331271138,9.936096014071541,13.033154868763553,9.771678094999999,2016-11-26 00:00:00
522,2016-11-26 19:00:00,11.30689733459367,9.827864596566599,12.78031721776006,10.03134923,2016-11-26 00:00:00
523,2016-11-26 20:00:00,11.096435731903178,9.56891811928083,12.650518339447842,9.870811993,2016-11-26 00:00:00
524,2016-11-26 21:00:00,10.765320360261041,9.149076315732577,12.304318314863925,9.69786395,2016-11-26 00:00:00
525,2016-11-26 22:00:00,10.278685707665419,8.755800548174827,11.806138644497707,9.440925259,2016-11-26 00:00:00
526,2016-11-26 23:00:00,9.645075853952342,8.02410219553442,11.250385575327366,9.090653602,2016-11-26 00:00:00
527,2016-11-27 00:00:00,8.9342701927018,7.453676830112505,10.422771308309159,8.7075174,2016-11-26 00:00:00
528,2017-03-06 01:00:00,8.367522008726539,6.707618596898345,9.75509481840145,8.77025,2017-03-06 00:00:00
529,2017-03-06 02:00:00,7.911808370285641,6.432800535709848,9.393902681232278,8.58087,2017-03-06 00:00:00
530,2017-03-06 03:00:00,7.6871023277971124,6.154665261659024,9.23359433753656,8.46808,2017-03-06 00:00:00
531,2017-03-06 04:00:00,7.704096290504908,6.164404728236401,9.15998021558484,8.48213,2017-03-06 00:00:00
532,2017-03-06 05:00:00,7.916243430850298,6.409777249572994,9.53762727478012,8.71607,2017-03-06 00:00:00
533,2017-03-06 06:00:00,8.250886233165676,6.686212095138272,9.82111512157016,9.29341,2017-03-06 00:00:00
534,2017-03-06 07:00:00,8.644047100410685,7.123390138488973,10.189991550616204,10.10436,2017-03-06 00:00:00
535,2017-03-06 08:00:00,9.06036880154523,7.559888284966408,10.651423893642775,10.28101,2017-03-06 00:00:00
536,2017-03-06 09:00:00,9.491489649139456,7.99422784933187,11.001363952576408,10.61903,2017-03-06 00:00:00
537,2017-03-06 10:00:00,9.939381940284894,8.457046349256332,11.436213236896323,10.9946,2017-03-06 00:00:00
538,2017-03-06 11:00:00,10.3978402061364,8.766746485473837,11.84042476589331,11.35943,2017-03-06 00:00:00
539,2017-03-06 12:00:00,10.84332323038266,9.268737398107378,12.395114717429955,11.62091,2017-03-06 00:00:00
540,2017-03-06 13:00:00,11.239139185808835,9.64329429909961,12.779884659344022,11.84567,2017-03-06 00:00:00
541,2017-03-06 14:00:00,11.549399534095238,10.064726044863797,13.125450919633506,11.98234,2017-03-06 00:00:00
542,2017-03-06 15:00:00,11.754405796649634,10.22710188461548,13.299773774140291,11.99165,2017-03-06 00:00:00
543,2017-03-06 16:00:00,11.858309514237453,10.368463593057838,13.30154202540656,11.97965,2017-03-06 00:00:00
544,2017-03-06 17:00:00,11.883285782936193,10.30796807549382,13.333039171196205,11.94693,2017-03-06 00:00:00
545,2017-03-06 18:00:00,11.851576116369092,10.358530695047952,13.379718403029738,11.78149,2017-03-06 00:00:00
546,2017-03-06 19:00:00,11.764967249524991,10.374483734390662,13.190544421102077,11.89479,2017-03-06 00:00:00
547,2017-03-06 20:00:00,11.595583248834155,10.01343738070399,13.101320540893214,12.08652,2017-03-06 00:00:00
548,2017-03-06 21:00:00,11.297719478860225,9.69325115021377,12.802821370363496,11.920069999999999,2017-03-06 00:00:00
549,2017-03-06 22:00:00,10.838155144105801,9.285867348786683,12.434165014369032,11.47586,2017-03-06 00:00:00
550,2017-03-06 23:00:00,10.228911748017783,8.697958330697869,11.66102965161618,10.84558,2017-03-06 00:00:00
551,2017-03-07 00:00:00,9.541546983406512,8.094893727779384,11.090144822997893,10.132639999999999,2017-03-06 00:00:00
552,2017-06-14 01:00:00,13.011973771369385,11.57128157436646,14.604416838560041,12.89508,2017-06-14 00:00:00
553,2017-06-14 02:00:00,12.5173852269133,11.033630486597643,13.94933690382208,12.326649999999999,2017-06-14 00:00:00
554,2017-06-14 03:00:00,12.256063474915813,10.7220529518878,13.800596294794397,11.9123,2017-06-14 00:00:00
555,2017-06-14 04:00:00,12.238581855018824,10.747911347210021,13.751066271708101,11.65247,2017-06-14 00:00:00
556,2017-06-14 05:00:00,12.41749156460435,10.980542410442665,13.956794161274722,11.664639999999999,2017-06-14 00:00:00
557,2017-06-14 06:00:00,12.719848575948776,11.295999977931437,14.32063647677693,12.054590000000001,2017-06-14 00:00:00
558,2017-06-14 07:00:00,13.082591885685087,11.644580096788246,14.497300673105478,12.40252,2017-06-14 00:00:00
559,2017-06-14 08:00:00,13.4716651761874,12.142735845378235,15.096048574097562,12.8149,2017-06-14 00:00:00
560,2017-06-14 09:00:00,13.879091722902006,12.257900733039698,15.468332048934244,13.56067,2017-06-14 00:00:00
561,2017-06-14 10:00:00,14.305963700054265,12.736128986047584,15.84670743436477,14.465290000000001,2017-06-14 00:00:00
562,2017-06-14 11:00:00,14.744937166494864,13.231165802520607,16.281441531973197,15.46402,2017-06-14 00:00:00
563,2017-06-14 12:00:00,15.172358444441217,13.569051356110172,16.769176223858594,16.36529,2017-06-14 00:00:00
564,2017-06-14 13:00:00,15.55256545690329,13.963185414764329,17.028230798836596,17.038169999999997,2017-06-14 00:00:00
565,2017-06-14 14:00:00,15.850527376261097,14.448401451462335,17.379465757814113,17.600740000000002,2017-06-14 00:00:00
566,2017-06-14 15:00:00,16.04578020136892,14.494492199857069,17.569472129495995,18.02835,2017-06-14 00:00:00
567,2017-06-14 16:00:00,16.140099563843076,14.519194217512865,17.628444522515878,18.30728,2017-06-14 00:00:00
568,2017-06-14 17:00:00,16.153405093518504,14.667934393330805,17.68768291266485,18.37227,2017-06-14 00:00:00
569,2017-06-14 18:00:00,16.107776405474308,14.544771223105773,17.5970280368668,18.11131,2017-06-14 00:00:00
570,2017-06-14 19:00:00,16.00728315990495,14.49693351905185,17.518644650634176,17.4939,2017-06-14 00:00:00
571,2017-06-14 20:00:00,15.827053545008894,14.399037793852374,17.478360309388073,16.735400000000002,2017-06-14 00:00:00
572,2017-06-14 21:00:00,15.522765136017732,13.895740434022679,16.98130507855762,16.18026,2017-06-14 00:00:00
573,2017-06-14 22:00:00,15.060034988623375,13.491353387445871,16.501831358124377,15.67553,2017-06-14 00:00:00
574,2017-06-14 23:00:00,14.448410028227705,13.012168094932282,15.915979683723787,14.66833,2017-06-14 00:00:00
575,2017-06-15 00:00:00,13.757827245628583,12.279660292983781,15.35921692878983,13.53368,2017-06-14 00:00:00
576,2017-09-22 01:00:00,11.76476537335602,10.220784767936225,13.40291188575187,11.44261,2017-09-22 00:00:00
577,2017-09-22 02:00:00,11.257009694626129,9.770945796376562,12.856056598837238,11.028450000000001,2017-09-22 00:00:00
578,2017-09-22 03:00:00,10.983760766694711,9.221851239212736,12.392969682391294,10.71368,2017-09-22 00:00:00
579,2017-09-22 04:00:00,10.95459919121911,9.492743035378428,12.461001318110927,10.574950000000001,2017-09-22 00:00:00
580,2017-09-22 05:00:00,11.1201167812189,9.55985313024862,12.643655639971882,10.6784,2017-09-22 00:00:00
581,2017-09-22 06:00:00,11.407093880794143,9.93628282175333,12.987997475845049,11.16536,2017-09-22 00:00:00
582,2017-09-22 07:00:00,11.755275081837224,10.173431899546076,13.23914511413954,11.855360000000001,2017-09-22 00:00:00
583,2017-09-22 08:00:00,12.134958011564564,10.704079729194579,13.725236232953026,12.030149999999999,2017-09-22 00:00:00
584,2017-09-22 09:00:00,12.540718665694568,10.877830977915535,14.07314878760524,12.54466,2017-09-22 00:00:00
585,2017-09-22 10:00:00,12.972172523589713,11.487064775056865,14.439183419117821,13.55007,2017-09-22 00:00:00
586,2017-09-22 11:00:00,13.417352212921344,11.826775538207599,14.860507175800517,14.49042,2017-09-22 00:00:00
587,2017-09-22 12:00:00,13.847987200384575,12.417062599525929,15.418945857824266,15.33695,2017-09-22 00:00:00
588,2017-09-22 13:00:00,14.22639870473646,12.743955114996066,15.793128573684832,16.05898,2017-09-22 00:00:00
589,2017-09-22 14:00:00,14.518070910440166,13.004042552035106,16.027723100450647,16.72741,2017-09-22 00:00:00
590,2017-09-22 15:00:00,14.703409888506492,13.189300762059476,16.265170632036593,17.15099,2017-09-22 00:00:00
591,2017-09-22 16:00:00,14.783627473863968,13.209343644131495,16.299443556688814,17.43177,2017-09-22 00:00:00
592,2017-09-22 17:00:00,14.777105890000456,13.145775732006433,16.31173662880971,17.479490000000002,2017-09-22 00:00:00
593,2017-09-22 18:00:00,14.705510646783004,13.090255037467116,16.218576925615796,17.10792,2017-09-22 00:00:00
594,2017-09-22 19:00:00,14.574978540242526,13.141571031282062,16.1568742426905,16.26569,2017-09-22 00:00:00
595,2017-09-22 20:00:00,14.364159809610985,12.872014950778118,15.944645049510719,15.53951,2017-09-22 00:00:00
596,2017-09-22 21:00:00,14.031111182141657,12.566266480906696,15.535718581175106,15.0743,2017-09-22 00:00:00
597,2017-09-22 22:00:00,13.540997457721312,12.036736559187661,15.203793789015368,14.39841,2017-09-22 00:00:00
598,2017-09-22 23:00:00,12.900947513429804,11.413731439565884,14.343761882818121,13.58283,2017-09-22 00:00:00
599,2017-09-23 00:00:00,12.179065824434176,10.694598637657101,13.845043342242478,12.74252,2017-09-22 00:00:00
600,2017-12-31 01:00:00,8.685064462143115,7.0509781905862345,10.242146227086375,9.44448,2017-12-31 00:00:00
601,2017-12-31 02:00:00,8.173468637083946,6.661309466286966,9.652781303611139,9.194510000000001,2017-12-31 00:00:00
602,2017-12-31 03:00:00,7.897497631422171,6.329822588935165,9.42884897333951,9.044649999999999,2017-12-31 00:00:00
603,2017-12-31 04:00:00,7.867660190686619,6.241993907600627,9.3177123431916,9.02576,2017-12-31 00:00:00
604,2017-12-31 05:00:00,8.036152238193491,6.476075325794882,9.648573566101502,9.11375,2017-12-31 00:00:00
605,2017-12-31 06:00:00,8.330475370589504,6.735381048505019,9.86171143516426,9.260159999999999,2017-12-31 00:00:00
606,2017-12-31 07:00:00,8.689498773828367,7.109706020114416,10.283267304371245,9.55641,2017-12-31 00:00:00
607,2017-12-31 08:00:00,9.081868628908326,7.684287067359009,10.643076113519161,9.82652,2017-12-31 00:00:00
608,2017-12-31 09:00:00,9.501300507504492,8.036768521417441,11.063029682461236,10.18476,2017-12-31 00:00:00
609,2017-12-31 10:00:00,9.948172082996397,8.408173859379934,11.595124020850859,10.60086,2017-12-31 00:00:00
610,2017-12-31 11:00:00,10.4122599667025,8.770927704382519,11.900652568901627,10.84949,2017-12-31 00:00:00
611,2017-12-31 12:00:00,10.866592637445585,9.322020855956973,12.314008266819819,10.98986,2017-12-31 00:00:00
612,2017-12-31 13:00:00,11.273516649046032,9.736872456969252,12.866836268420549,11.08855,2017-12-31 00:00:00
613,2017-12-31 14:00:00,11.59773989706981,10.057147324195975,13.015468227823941,11.09928,2017-12-31 00:00:00
614,2017-12-31 15:00:00,11.819233143451775,10.098276138561799,13.442828746842203,11.01492,2017-12-31 00:00:00
615,2017-12-31 16:00:00,11.93966605895408,10.391031063766128,13.546245255072256,10.90493,2017-12-31 00:00:00
616,2017-12-31 17:00:00,11.978157721624191,10.336171869620179,13.56290447405293,11.00823,2017-12-31 00:00:00
617,2017-12-31 18:00:00,11.956302620743296,10.395889987400459,13.596156390239114,11.66343,2017-12-31 00:00:00
618,2017-12-31 19:00:00,11.879025639077367,10.267648986795386,13.450623348714862,12.061549999999999,2017-12-31 00:00:00
619,2017-12-31 20:00:00,11.723507406012155,10.18979126175174,13.237089970895674,12.01566,2017-12-31 00:00:00
620,2017-12-31 21:00:00,11.4473514019475,9.80207821237746,12.977292315791377,11.88311,2017-12-31 00:00:00
621,2017-12-31 22:00:00,11.016642886315042,9.42489017549599,12.525699562469594,11.75425,2017-12-31 00:00:00
622,2017-12-31 23:00:00,10.439792391594345,8.844938725499041,12.077953000409034,11.57985,2017-12-31 00:00:00
623,2018-01-01 00:00:00,9.785078096651855,8.279957947913735,11.29080379051715,11.45216,2017-12-31 00:00:00
